edge_id,from_id,to_id,travel_min,bidirectional,source_url,assumption_note
E01,N01,N17,2,1,,检票口到百寿图影壁;步行时间为演示假设
E02,N17,N41,2,1,,影壁到在中堂大门;步行时间为演示假设
E03,N17,N08,2,1,,连接关系为示意图;步行时间为演示假设
E04,N41,N11,3,1,,大门到三号院一带;步行时间为演示假设
E05,N41,N38,3,1,,大门到一号院;步行时间为演示假设
E06,N08,N11,2,1,,连接关系为示意图;步行时间为演示假设
E07,N11,N39,2,1,,连接关系为示意图;步行时间为演示假设
E08,N39,N13,2,1,,二号院到四号院一带;步行时间为演示假设
E09,N39,N17,2,1,,连接关系为示意图;步行时间为演示假设
E10,N13,N10,2,1,,连接关系为示意图;步行时间为演示假设
E11,N10,N09,2,1,,连接关系为示意图;步行时间为演示假设
E12,N09,N03,2,1,,连接关系为示意图;步行时间为演示假设
E13,N09,N42,2,1,,连接关系为示意图;步行时间为演示假设
E14,N42,N03,2,1,,连接关系为示意图;步行时间为演示假设
E15,N13,N02,2,1,,连接关系为示意图;步行时间为演示假设
E16,N02,N11,3,1,,连接关系为示意图;步行时间为演示假设
E17,N02,N10,3,1,,连接关系为示意图;步行时间为演示假设
E18,N12,N36,2,1,,连接关系为示意图;步行时间为演示假设
E19,N36,N34,2,1,,连接关系为示意图;步行时间为演示假设
E20,N36,N03,3,1,,连接关系为示意图;步行时间为演示假设
E21,N34,N14,2,1,,连接关系为示意图;步行时间为演示假设
E22,N34,N33,2,1,,连接关系为示意图;步行时间为演示假设
E23,N33,N32,2,1,,连接关系为示意图;步行时间为演示假设
E24,N32,N31,2,1,,连接关系为示意图;步行时间为演示假设
E25,N31,N16,2,1,,连接关系为示意图;步行时间为演示假设
E26,N16,N30,2,1,,连接关系为示意图;步行时间为演示假设
E27,N14,N35,2,1,,连接关系为示意图;步行时间为演示假设
E28,N35,N16,2,1,,连接关系为示意图;步行时间为演示假设
E29,N14,N02,3,1,,连接关系为示意图;步行时间为演示假设
E30,N02,N37,2,1,,连接关系为示意图;步行时间为演示假设
E31,N37,N40,2,1,,连接关系为示意图;步行时间为演示假设
E32,N40,N38,3,1,,连接关系为示意图;步行时间为演示假设
E33,N37,N15,3,1,,连接关系为示意图;步行时间为演示假设
E34,N15,N38,2,1,,连接关系为示意图;步行时间为演示假设
E35,N19,N02,2,1,,连接关系为示意图;步行时间为演示假设
E36,N19,N15,2,1,,连接关系为示意图;步行时间为演示假设
E37,N19,N37,2,1,,连接关系为示意图;步行时间为演示假设
E38,N40,N35,3,1,,连接关系为示意图;步行时间为演示假设
E39,N35,N05,3,1,,西翼到保元堂;步行时间为演示假设
E40,N05,N23,2,1,,连接关系为示意图;步行时间为演示假设
E41,N05,N24,2,1,,连接关系为示意图;步行时间为演示假设
E42,N05,N21,2,1,,连接关系为示意图;步行时间为演示假设
E43,N21,N07,2,1,,连接关系为示意图;步行时间为演示假设
E44,N21,N22,2,1,,连接关系为示意图;步行时间为演示假设
E45,N22,N24,2,1,,连接关系为示意图;步行时间为演示假设
E46,N23,N25,2,1,,连接关系为示意图;步行时间为演示假设
E47,N25,N06,2,1,,文创馆到乔家花园;步行时间为演示假设
E48,N24,N25,2,1,,连接关系为示意图;步行时间为演示假设
E49,N06,N18,2,1,,连接关系为示意图;步行时间为演示假设
E50,N18,N40,3,1,,连接关系为示意图;步行时间为演示假设
E51,N06,N04,3,1,,乔家花园到宁守堂;步行时间为演示假设
E52,N04,N26,2,1,,连接关系为示意图;步行时间为演示假设
E53,N26,N27,2,1,,连接关系为示意图;步行时间为演示假设
E54,N27,N28,2,1,,连接关系为示意图;步行时间为演示假设
E55,N28,N29,2,1,,连接关系为示意图;步行时间为演示假设
E56,N29,N20,2,1,,学堂到出口;步行时间为演示假设
E57,N06,N29,3,1,,乔家花园到乔家学堂;步行时间为演示假设
E58,N30,N05,3,1,,连接关系为示意图;步行时间为演示假设
E59,N38,N15,2,1,,连接关系为示意图;步行时间为演示假设
E60,N03,N14,3,1,,连接关系为示意图;步行时间为演示假设
E61,N12,N33,3,1,,连接关系为示意图;步行时间为演示假设
E62,N08,N13,3,1,,连接关系为示意图;步行时间为演示假设
E63,N42,N12,2,1,,连接关系为示意图;步行时间为演示假设
E64,N30,N31,2,1,,连接关系为示意图;步行时间为演示假设
