node_id,name,x,y,kind,capacity,service_per_min,dwell_min,sheltered,source_url,assumption_note
WT01,游客中心(台怀镇南),19.1,9.8,entry,90,12,3,1,公开地图相对方位(近似经纬度),台怀镇南侧集散中心
WT02,殊像寺,16.0,59.5,attraction,40,5,12,1,公开地图相对方位(近似经纬度),文殊菩萨道场
WT03,五爷庙(万佛阁),39.3,81.0,attraction,60,7,10,1,公开地图相对方位(近似经纬度),香火最盛
WT04,塔院寺(大白塔),33.6,84.4,attraction,45,6,12,1,公开地图相对方位(近似经纬度),五台山标志大白塔
WT05,显通寺,37.4,88.8,attraction,50,6,18,1,公开地图相对方位(近似经纬度),五台山规模最大寺院
WT06,圆照寺,26.0,91.7,attraction,25,3,10,1,公开地图相对方位(近似经纬度),显通寺西侧
WT07,菩萨顶,28.2,100.0,attraction,40,5,15,0,公开地图相对方位(近似经纬度),"灵鹫峰上,需登台阶"
WT08,黛螺顶,67.2,67.8,attraction,45,5,20,0,公开地图相对方位(近似经纬度),"东峰,1080 级台阶"
WT09,广化寺,12.2,74.6,attraction,25,3,10,1,公开地图相对方位(近似经纬度),台怀镇西侧
WT10,南山寺,0.0,18.0,attraction,25,3,15,0,公开地图相对方位(近似经纬度),台怀镇南山上
WT11,镇海寺,6.9,0.0,attraction,20,3,10,1,公开地图相对方位(近似经纬度),清水河畔
WT12,素斋堂(服务点),32.1,78.5,service,30,8,25,1,公开地图相对方位(近似经纬度),团队用餐
WT13,台怀镇商业街(服务点),29.0,69.8,service,40,10,12,1,公开地图相对方位(近似经纬度),餐饮与纪念品
WT14,出口(镇南停车场),13.0,34.1,exit,70,12,2,0,公开地图相对方位(近似经纬度),离镇通道
