map_id,name,type,nearest_route_vertex,straight_line_distance_m,nearest_segment,along_route_m,source_url
583802,景区牌楼,scenic,R01,7.03,1,3.92,https://map.365daoyou.cn/web/index?t=e&sk=H8vw2CN5mK4%3D&dk=Nx8Z1MgPAU4%3D&c=26344592315
583801,大门,scenic,R01,101.06,1,100.53,https://map.365daoyou.cn/web/index?t=e&sk=H8vw2CN5mK4%3D&dk=Nx8Z1MgPAU4%3D&c=26344592315
93300,厕所,near,R01,102.79,1,102.79,https://map.365daoyou.cn/web/index?t=e&sk=H8vw2CN5mK4%3D&dk=Nx8Z1MgPAU4%3D&c=26344592315
93308,游客中心,near,R01,103.47,1,103.36,https://map.365daoyou.cn/web/index?t=e&sk=H8vw2CN5mK4%3D&dk=Nx8Z1MgPAU4%3D&c=26344592315
93299,厕所,near,R01,107.52,1,104.4,https://map.365daoyou.cn/web/index?t=e&sk=H8vw2CN5mK4%3D&dk=Nx8Z1MgPAU4%3D&c=26344592315
93301,厕所,near,R02,33.06,1,201.99,https://map.365daoyou.cn/web/index?t=e&sk=H8vw2CN5mK4%3D&dk=Nx8Z1MgPAU4%3D&c=26344592315
93307,停车场,near,R02,8.66,2,242.72,https://map.365daoyou.cn/web/index?t=e&sk=H8vw2CN5mK4%3D&dk=Nx8Z1MgPAU4%3D&c=26344592315
583803,乔家大院,scenic,R02,78.72,2,297.14,https://map.365daoyou.cn/web/index?t=e&sk=H8vw2CN5mK4%3D&dk=Nx8Z1MgPAU4%3D&c=26344592315
93306,出入口,near,R03,49.53,2,340.58,https://map.365daoyou.cn/web/index?t=e&sk=H8vw2CN5mK4%3D&dk=Nx8Z1MgPAU4%3D&c=26344592315
93305,出入口,near,R03,28.17,3,400.62,https://map.365daoyou.cn/web/index?t=e&sk=H8vw2CN5mK4%3D&dk=Nx8Z1MgPAU4%3D&c=26344592315
93304,出入口,near,R04,28.62,3,413.08,https://map.365daoyou.cn/web/index?t=e&sk=H8vw2CN5mK4%3D&dk=Nx8Z1MgPAU4%3D&c=26344592315
583780,大厨房,scenic,R04,14.83,4,432.91,https://map.365daoyou.cn/web/index?t=e&sk=H8vw2CN5mK4%3D&dk=Nx8Z1MgPAU4%3D&c=26344592315
583782,乔景俨居室,scenic,R06,12.25,5,455.95,https://map.365daoyou.cn/web/index?t=e&sk=H8vw2CN5mK4%3D&dk=Nx8Z1MgPAU4%3D&c=26344592315
583781,乔致庸居室,scenic,R06,2.83,5,457.17,https://map.365daoyou.cn/web/index?t=e&sk=H8vw2CN5mK4%3D&dk=Nx8Z1MgPAU4%3D&c=26344592315
583783,乔景僖居室,scenic,R06,10.92,6,461.21,https://map.365daoyou.cn/web/index?t=e&sk=H8vw2CN5mK4%3D&dk=Nx8Z1MgPAU4%3D&c=26344592315
583785,乔映霞居室,scenic,R07,12.23,6,474.97,https://map.365daoyou.cn/web/index?t=e&sk=H8vw2CN5mK4%3D&dk=Nx8Z1MgPAU4%3D&c=26344592315
583784,静怡,scenic,R07,5.07,7,482.76,https://map.365daoyou.cn/web/index?t=e&sk=H8vw2CN5mK4%3D&dk=Nx8Z1MgPAU4%3D&c=26344592315
583786,乔映璜居室,scenic,R09,7.93,9,509.11,https://map.365daoyou.cn/web/index?t=e&sk=H8vw2CN5mK4%3D&dk=Nx8Z1MgPAU4%3D&c=26344592315
583791,乔映南居室,scenic,R10,13.15,9,532.74,https://map.365daoyou.cn/web/index?t=e&sk=H8vw2CN5mK4%3D&dk=Nx8Z1MgPAU4%3D&c=26344592315
583800,福德祠,scenic,R10,36.41,9,535.17,https://map.365daoyou.cn/web/index?t=e&sk=H8vw2CN5mK4%3D&dk=Nx8Z1MgPAU4%3D&c=26344592315
583799,第二院,scenic,R10,49.37,9,535.17,https://map.365daoyou.cn/web/index?t=e&sk=H8vw2CN5mK4%3D&dk=Nx8Z1MgPAU4%3D&c=26344592315
583789,在中堂,scenic,R10,11.88,10,536.42,https://map.365daoyou.cn/web/index?t=e&sk=H8vw2CN5mK4%3D&dk=Nx8Z1MgPAU4%3D&c=26344592315
583798,家谱馆,scenic,R10,45.7,10,543.39,https://map.365daoyou.cn/web/index?t=e&sk=H8vw2CN5mK4%3D&dk=Nx8Z1MgPAU4%3D&c=26344592315
583790,第五院,scenic,R10,19.88,10,543.69,https://map.365daoyou.cn/web/index?t=e&sk=H8vw2CN5mK4%3D&dk=Nx8Z1MgPAU4%3D&c=26344592315
583797,教子有方展厅,scenic,R11,63.08,10,555.89,https://map.365daoyou.cn/web/index?t=e&sk=H8vw2CN5mK4%3D&dk=Nx8Z1MgPAU4%3D&c=26344592315
583788,第六院,scenic,R11,5.2,10,559.83,https://map.365daoyou.cn/web/index?t=e&sk=H8vw2CN5mK4%3D&dk=Nx8Z1MgPAU4%3D&c=26344592315
583794,第四院,scenic,R11,2.96,10,563.76,https://map.365daoyou.cn/web/index?t=e&sk=H8vw2CN5mK4%3D&dk=Nx8Z1MgPAU4%3D&c=26344592315
583792,议事厅,scenic,R11,19.05,10,564.23,https://map.365daoyou.cn/web/index?t=e&sk=H8vw2CN5mK4%3D&dk=Nx8Z1MgPAU4%3D&c=26344592315
583793,知足阁,scenic,R11,20.92,10,564.23,https://map.365daoyou.cn/web/index?t=e&sk=H8vw2CN5mK4%3D&dk=Nx8Z1MgPAU4%3D&c=26344592315
583795,九龙壁展馆,scenic,R11,44.23,10,564.23,https://map.365daoyou.cn/web/index?t=e&sk=H8vw2CN5mK4%3D&dk=Nx8Z1MgPAU4%3D&c=26344592315
93303,厕所,near,R11,24.87,11,571.37,https://map.365daoyou.cn/web/index?t=e&sk=H8vw2CN5mK4%3D&dk=Nx8Z1MgPAU4%3D&c=26344592315
583787,德兴堂,scenic,R12,2.25,11,587.37,https://map.365daoyou.cn/web/index?t=e&sk=H8vw2CN5mK4%3D&dk=Nx8Z1MgPAU4%3D&c=26344592315
583796,第三院,scenic,R13,2.97,12,608.65,https://map.365daoyou.cn/web/index?t=e&sk=H8vw2CN5mK4%3D&dk=Nx8Z1MgPAU4%3D&c=26344592315
93302,厕所,near,R17,19.59,16,714.13,https://map.365daoyou.cn/web/index?t=e&sk=H8vw2CN5mK4%3D&dk=Nx8Z1MgPAU4%3D&c=26344592315
