node_id,map_id,name,node_type,longitude,latitude,source_url,note
SITE_QJDY,,乔家大院景区,景区,,,https://www.qjdyjq.com/jianzhufengcai/20220316175636005.html,官网：由“四堂一园”组成；另有官网页面把昌源河国家湿地公园列为景区组成部分。
HALL_ZZT,583789,在中堂,堂院,112.436507,37.406738,https://www.qjdyjq.com/jianzhufengcai/jianzhuyishu/20220316190250655.html,官网：院落整体布局构成“囍”字形；本表保留官方导览点位。
HALL_DXT,583787,德兴堂,堂院,112.435989,37.406662,https://www.qjdyjq.com/jianzhufengcai/jianzhuyishu/20220324153043166.html,官网：乔致祥宅院，总体布局为隶书“寿”字。
HALL_BYT,,保元堂,堂院,,,https://www.qjdyjq.com/jianzhufengcai/jianzhuyishu/20220324153419237.html,官网：乔超五所建。电子导览点表未单列该名称。
HALL_NST,,宁守堂,堂院,,,https://www.qjdyjq.com/jianzhufengcai/jianzhuyishu/20220316190320012.html,官网：乔贵发故居，俗称“老院”。电子导览点表未单列该名称。
GARDEN_QJHY,,乔家花园,园林,,,https://www.qjdyjq.com/jianzhufengcai/jianzhuyishu/20220324154256160.html,官网明确：位于保元堂与宁守堂之间。
PATH_YD,,甬道,路径,,,https://map.365daoyou.cn/web/index?t=e&sk=H8vw2CN5mK4%3D&dk=Nx8Z1MgPAU4%3D&c=26344592315,官方讲解“大门”词条：长80米，将六个大院分为南北两院。
COURT_1,,第一院,院,,,https://map.365daoyou.cn/web/subScenicshowSubScenicDetail?id=583800,官方讲解“福德祠”词条明确：进入第一院大门即可看到福德祠。
COURT_2,583799,第二院,院,112.436911,37.406623,https://map.365daoyou.cn/web/subScenicshowSubScenicDetail?id=583799,官方电子导览与讲解均单列第二院。
COURT_3,583796,第三院,院,112.435753,37.406705,https://map.365daoyou.cn/web/subScenicshowSubScenicDetail?id=583796,官方讲解又称“三宝院”。
COURT_4,583794,第四院,院,112.436261,37.406568,https://map.365daoyou.cn/web/subScenicshowSubScenicDetail?id=583794,官方讲解又称“商俗院、新院”。
COURT_5,583790,第五院,院,112.436524,37.406653,https://map.365daoyou.cn/web/subScenicshowSubScenicDetail?id=583790,官方讲解明确“第五院就是乔家大院在中堂”。
COURT_6,583788,第六院,院,112.436229,37.406625,https://map.365daoyou.cn/web/subScenicshowSubScenicDetail?id=583788,官方讲解：原拟建书房院，后改称花园院。
S93299,93299,厕所,服务点,112.440629,37.407134,https://map.365daoyou.cn/web/index?t=e&sk=H8vw2CN5mK4%3D&dk=Nx8Z1MgPAU4%3D&c=26344592315,官方电子导览服务点；距“全景游”轨迹约25.7米。
S93300,93300,厕所,服务点,112.440667,37.406891,https://map.365daoyou.cn/web/index?t=e&sk=H8vw2CN5mK4%3D&dk=Nx8Z1MgPAU4%3D&c=26344592315,官方电子导览服务点；距“全景游”轨迹约1.3米。
S93301,93301,厕所,服务点,112.439551,37.406789,https://map.365daoyou.cn/web/index?t=e&sk=H8vw2CN5mK4%3D&dk=Nx8Z1MgPAU4%3D&c=26344592315,官方电子导览服务点；距“全景游”轨迹约6.2米。
S93302,93302,厕所,服务点,112.435973,37.4073,https://map.365daoyou.cn/web/index?t=e&sk=H8vw2CN5mK4%3D&dk=Nx8Z1MgPAU4%3D&c=26344592315,官方电子导览服务点；距“全景游”轨迹约19.6米。
S93303,93303,厕所,服务点,112.43607,37.406393,https://map.365daoyou.cn/web/index?t=e&sk=H8vw2CN5mK4%3D&dk=Nx8Z1MgPAU4%3D&c=26344592315,官方电子导览服务点；距“全景游”轨迹约23.8米。
S93304,93304,出入口,服务点,112.437314,37.407275,https://map.365daoyou.cn/web/index?t=e&sk=H8vw2CN5mK4%3D&dk=Nx8Z1MgPAU4%3D&c=26344592315,官方电子导览服务点；距“全景游”轨迹约27.6米。
S93305,93305,出入口,服务点,112.437202,37.406785,https://map.365daoyou.cn/web/index?t=e&sk=H8vw2CN5mK4%3D&dk=Nx8Z1MgPAU4%3D&c=26344592315,官方电子导览服务点；距“全景游”轨迹约26.1米。
S93306,93306,出入口,服务点,112.43799,37.406955,https://map.365daoyou.cn/web/index?t=e&sk=H8vw2CN5mK4%3D&dk=Nx8Z1MgPAU4%3D&c=26344592315,官方电子导览服务点；距“全景游”轨迹约3.9米。
S93307,93307,停车场,服务点,112.43909,37.406857,https://map.365daoyou.cn/web/index?t=e&sk=H8vw2CN5mK4%3D&dk=Nx8Z1MgPAU4%3D&c=26344592315,官方电子导览服务点；距“全景游”轨迹约2.6米。
S93308,93308,游客中心,服务点,112.440656,37.406947,https://map.365daoyou.cn/web/index?t=e&sk=H8vw2CN5mK4%3D&dk=Nx8Z1MgPAU4%3D&c=26344592315,官方电子导览服务点；距“全景游”轨迹约4.9米。
G583801,583801,大门,景点,112.440699,37.406811,https://map.365daoyou.cn/web/subScenicshowSubScenicDetail?id=583801,官方电子导览景点点；距“全景游”轨迹约10.3米。
G583780,583780,大厨房,景点,112.436943,37.407062,https://map.365daoyou.cn/web/subScenicshowSubScenicDetail?id=583780,官方电子导览景点点；距“全景游”轨迹约8.5米。
G583800,583800,福德祠,景点,112.43681,37.406773,https://map.365daoyou.cn/web/subScenicshowSubScenicDetail?id=583800,官方电子导览景点点；距“全景游”轨迹约36.4米。
G583802,583802,景区牌楼,景点,112.441786,37.406908,https://map.365daoyou.cn/web/subScenicshowSubScenicDetail?id=583802,官方电子导览景点点；距“全景游”轨迹约5.8米。
G583798,583798,家谱馆,景点,112.436787,37.406529,https://map.365daoyou.cn/web/subScenicshowSubScenicDetail?id=583798,官方电子导览景点点；距“全景游”轨迹约45.0米。
G583797,583797,教子有方展厅,景点,112.436884,37.40635,https://map.365daoyou.cn/web/subScenicshowSubScenicDetail?id=583797,官方电子导览景点点；距“全景游”轨迹约62.5米。
G583795,583795,九龙壁展馆,景点,112.436608,37.406316,https://map.365daoyou.cn/web/subScenicshowSubScenicDetail?id=583795,官方电子导览景点点；距“全景游”轨迹约44.2米。
G583784,583784,静怡,景点,112.436449,37.407181,https://map.365daoyou.cn/web/subScenicshowSubScenicDetail?id=583784,官方电子导览景点点；距“全景游”轨迹约2.7米。
G583803,583803,乔家大院,景点,112.438527,37.40731,https://map.365daoyou.cn/web/subScenicshowSubScenicDetail?id=583803,官方电子导览景点点；距“全景游”轨迹约47.6米。
G583791,583791,乔映南居室,景点,112.436535,37.406853,https://map.365daoyou.cn/web/subScenicshowSubScenicDetail?id=583791,官方电子导览景点点；距“全景游”轨迹约12.9米。
G583786,583786,乔映璜居室,景点,112.436414,37.407049,https://map.365daoyou.cn/web/subScenicshowSubScenicDetail?id=583786,官方电子导览景点点；距“全景游”轨迹约7.9米。
G583785,583785,乔映霞居室,景点,112.436535,37.407053,https://map.365daoyou.cn/web/subScenicshowSubScenicDetail?id=583785,官方电子导览景点点；距“全景游”轨迹约11.7米。
G583783,583783,乔景僖居室,景点,112.436691,37.407058,https://map.365daoyou.cn/web/subScenicshowSubScenicDetail?id=583783,官方电子导览景点点；距“全景游”轨迹约10.7米。
G583782,583782,乔景俨居室,景点,112.436787,37.407057,https://map.365daoyou.cn/web/subScenicshowSubScenicDetail?id=583782,官方电子导览景点点；距“全景游”轨迹约11.9米。
G583781,583781,乔致庸居室,景点,112.436734,37.407177,https://map.365daoyou.cn/web/subScenicshowSubScenicDetail?id=583781,官方电子导览景点点；距“全景游”轨迹约2.2米。
G583792,583792,议事厅,景点,112.436278,37.40641,https://map.365daoyou.cn/web/subScenicshowSubScenicDetail?id=583792,官方电子导览景点点；距“全景游”轨迹约19.0米。
G583793,583793,知足阁,景点,112.436385,37.406435,https://map.365daoyou.cn/web/subScenicshowSubScenicDetail?id=583793,官方电子导览景点点；距“全景游”轨迹约20.9米。
R01,,全景游轨迹折点1,轨迹折点,112.441826,37.406963,https://map.365daoyou.cn/web/index?t=e&sk=H8vw2CN5mK4%3D&dk=Nx8Z1MgPAU4%3D&c=26344592315,官方电子导览“全景游”轨迹折点；mark=1。
R02,,全景游轨迹折点2,轨迹折点,112.43918,37.406826,https://map.365daoyou.cn/web/index?t=e&sk=H8vw2CN5mK4%3D&dk=Nx8Z1MgPAU4%3D&c=26344592315,官方电子导览“全景游”轨迹折点；mark=1。
R03,,全景游轨迹折点3,轨迹折点,112.43743,37.406963,https://map.365daoyou.cn/web/index?t=e&sk=H8vw2CN5mK4%3D&dk=Nx8Z1MgPAU4%3D&c=26344592315,官方电子导览“全景游”轨迹折点；mark=1。
R04,,全景游轨迹折点4,轨迹折点,112.43711,37.407074,https://map.365daoyou.cn/web/index?t=e&sk=H8vw2CN5mK4%3D&dk=Nx8Z1MgPAU4%3D&c=26344592315,官方电子导览“全景游”轨迹折点；mark=1。
R05,,全景游轨迹折点5,轨迹折点,112.43687,37.407185,https://map.365daoyou.cn/web/index?t=e&sk=H8vw2CN5mK4%3D&dk=Nx8Z1MgPAU4%3D&c=26344592315,官方电子导览“全景游”轨迹折点；mark=1。
R06,,全景游轨迹折点6,轨迹折点,112.43672,37.407154,https://map.365daoyou.cn/web/index?t=e&sk=H8vw2CN5mK4%3D&dk=Nx8Z1MgPAU4%3D&c=26344592315,官方电子导览“全景游”轨迹折点；mark=1。
R07,,全景游轨迹折点7,轨迹折点,112.4365,37.40716,https://map.365daoyou.cn/web/index?t=e&sk=H8vw2CN5mK4%3D&dk=Nx8Z1MgPAU4%3D&c=26344592315,官方电子导览“全景游”轨迹折点；mark=1。
R08,,全景游轨迹折点8,轨迹折点,112.4363,37.407146,https://map.365daoyou.cn/web/index?t=e&sk=H8vw2CN5mK4%3D&dk=Nx8Z1MgPAU4%3D&c=26344592315,官方电子导览“全景游”轨迹折点；mark=1。
R09,,全景游轨迹折点9,轨迹折点,112.436325,37.40704,https://map.365daoyou.cn/web/index?t=e&sk=H8vw2CN5mK4%3D&dk=Nx8Z1MgPAU4%3D&c=26344592315,官方电子导览“全景游”轨迹折点；mark=1。
R10,,全景游轨迹折点10,轨迹折点,112.4364,37.406803,https://map.365daoyou.cn/web/index?t=e&sk=H8vw2CN5mK4%3D&dk=Nx8Z1MgPAU4%3D&c=26344592315,官方电子导览“全景游”轨迹折点；mark=1。
R11,,全景游轨迹折点11,轨迹折点,112.43623,37.406578,https://map.365daoyou.cn/web/index?t=e&sk=H8vw2CN5mK4%3D&dk=Nx8Z1MgPAU4%3D&c=26344592315,官方电子导览“全景游”轨迹折点；mark=2。
R12,,全景游轨迹折点12,轨迹折点,112.43598,37.406643,https://map.365daoyou.cn/web/index?t=e&sk=H8vw2CN5mK4%3D&dk=Nx8Z1MgPAU4%3D&c=26344592315,官方电子导览“全景游”轨迹折点；mark=1。
R13,,全景游轨迹折点13,轨迹折点,112.43572,37.4067,https://map.365daoyou.cn/web/index?t=e&sk=H8vw2CN5mK4%3D&dk=Nx8Z1MgPAU4%3D&c=26344592315,官方电子导览“全景游”轨迹折点；mark=1。
R14,,全景游轨迹折点14,轨迹折点,112.435745,37.40694,https://map.365daoyou.cn/web/index?t=e&sk=H8vw2CN5mK4%3D&dk=Nx8Z1MgPAU4%3D&c=26344592315,官方电子导览“全景游”轨迹折点；mark=1。
R15,,全景游轨迹折点15,轨迹折点,112.43568,37.407104,https://map.365daoyou.cn/web/index?t=e&sk=H8vw2CN5mK4%3D&dk=Nx8Z1MgPAU4%3D&c=26344592315,官方电子导览“全景游”轨迹折点；mark=1。
R16,,全景游轨迹折点16,轨迹折点,112.43553,37.407364,https://map.365daoyou.cn/web/index?t=e&sk=H8vw2CN5mK4%3D&dk=Nx8Z1MgPAU4%3D&c=26344592315,官方电子导览“全景游”轨迹折点；mark=1。
R17,,全景游轨迹折点17,轨迹折点,112.43581,37.40742,https://map.365daoyou.cn/web/index?t=e&sk=H8vw2CN5mK4%3D&dk=Nx8Z1MgPAU4%3D&c=26344592315,官方电子导览“全景游”轨迹折点；mark=1。
R18,,全景游轨迹折点18,轨迹折点,112.43588,37.407524,https://map.365daoyou.cn/web/index?t=e&sk=H8vw2CN5mK4%3D&dk=Nx8Z1MgPAU4%3D&c=26344592315,官方电子导览“全景游”轨迹折点；mark=1。
R19,,全景游轨迹折点19,轨迹折点,112.43605,37.407562,https://map.365daoyou.cn/web/index?t=e&sk=H8vw2CN5mK4%3D&dk=Nx8Z1MgPAU4%3D&c=26344592315,官方电子导览“全景游”轨迹折点；mark=1。
R20,,全景游轨迹折点20,轨迹折点,112.43637,37.40731,https://map.365daoyou.cn/web/index?t=e&sk=H8vw2CN5mK4%3D&dk=Nx8Z1MgPAU4%3D&c=26344592315,官方电子导览“全景游”轨迹折点；mark=1。
R21,,全景游轨迹折点21,轨迹折点,112.43638,37.40731,https://map.365daoyou.cn/web/index?t=e&sk=H8vw2CN5mK4%3D&dk=Nx8Z1MgPAU4%3D&c=26344592315,官方电子导览“全景游”轨迹折点；mark=2。
R22,,全景游轨迹折点22,轨迹折点,112.43695,37.407314,https://map.365daoyou.cn/web/index?t=e&sk=H8vw2CN5mK4%3D&dk=Nx8Z1MgPAU4%3D&c=26344592315,官方电子导览“全景游”轨迹折点；mark=1。
R23,,全景游轨迹折点23,轨迹折点,112.436935,37.40755,https://map.365daoyou.cn/web/index?t=e&sk=H8vw2CN5mK4%3D&dk=Nx8Z1MgPAU4%3D&c=26344592315,官方电子导览“全景游”轨迹折点；mark=1。
R24,,全景游轨迹折点24,轨迹折点,112.43692,37.40771,https://map.365daoyou.cn/web/index?t=e&sk=H8vw2CN5mK4%3D&dk=Nx8Z1MgPAU4%3D&c=26344592315,官方电子导览“全景游”轨迹折点；mark=1。
R25,,全景游轨迹折点25,轨迹折点,112.43724,37.407925,https://map.365daoyou.cn/web/index?t=e&sk=H8vw2CN5mK4%3D&dk=Nx8Z1MgPAU4%3D&c=26344592315,官方电子导览“全景游”轨迹折点；mark=1。
