source_id,relation,target_id,evidence_url,evidence_class,confidence,note
SITE_QJDY,包含,HALL_ZZT,https://www.qjdyjq.com/jianzhufengcai/20220316175636005.html,官方明示,高,官网称“四堂一园”。
SITE_QJDY,包含,HALL_DXT,https://www.qjdyjq.com/jianzhufengcai/20220316175636005.html,官方明示,高,官网称“四堂一园”。
SITE_QJDY,包含,HALL_BYT,https://www.qjdyjq.com/jianzhufengcai/20220316175636005.html,官方明示,高,官网称“四堂一园”。
SITE_QJDY,包含,HALL_NST,https://www.qjdyjq.com/jianzhufengcai/20220316175636005.html,官方明示,高,官网称“四堂一园”。
SITE_QJDY,包含,GARDEN_QJHY,https://www.qjdyjq.com/jianzhufengcai/20220316175636005.html,官方明示,高,官网称“四堂一园”。
GARDEN_QJHY,位于,HALL_BYT,https://www.qjdyjq.com/jianzhufengcai/jianzhuyishu/20220324154256160.html,官方明示,高,官网原文：花园位于保元堂与宁守堂之间。
GARDEN_QJHY,位于,HALL_NST,https://www.qjdyjq.com/jianzhufengcai/jianzhuyishu/20220324154256160.html,官方明示,高,同上。
PATH_YD,连接,COURT_1,https://map.365daoyou.cn/web/index?t=e&sk=H8vw2CN5mK4%3D&dk=Nx8Z1MgPAU4%3D&c=26344592315,官方明示,高,官方讲解称甬道将六个大院分为南北两院。
PATH_YD,连接,COURT_2,https://map.365daoyou.cn/web/index?t=e&sk=H8vw2CN5mK4%3D&dk=Nx8Z1MgPAU4%3D&c=26344592315,官方明示,高,官方讲解称甬道将六个大院分为南北两院。
PATH_YD,连接,COURT_3,https://map.365daoyou.cn/web/index?t=e&sk=H8vw2CN5mK4%3D&dk=Nx8Z1MgPAU4%3D&c=26344592315,官方明示,高,官方讲解称甬道将六个大院分为南北两院。
PATH_YD,连接,COURT_4,https://map.365daoyou.cn/web/index?t=e&sk=H8vw2CN5mK4%3D&dk=Nx8Z1MgPAU4%3D&c=26344592315,官方明示,高,官方讲解称甬道将六个大院分为南北两院。
PATH_YD,连接,COURT_5,https://map.365daoyou.cn/web/index?t=e&sk=H8vw2CN5mK4%3D&dk=Nx8Z1MgPAU4%3D&c=26344592315,官方明示,高,官方讲解称甬道将六个大院分为南北两院。
PATH_YD,连接,COURT_6,https://map.365daoyou.cn/web/index?t=e&sk=H8vw2CN5mK4%3D&dk=Nx8Z1MgPAU4%3D&c=26344592315,官方明示,高,官方讲解称甬道将六个大院分为南北两院。
COURT_1,包含,G583800,https://map.365daoyou.cn/web/subScenicshowSubScenicDetail?id=583800,官方明示,高,福德祠位于第一院大门内。
HALL_ZZT,同指,COURT_5,https://map.365daoyou.cn/web/subScenicshowSubScenicDetail?id=583790,官方明示,高,官方讲解明确“第五院就是乔家大院在中堂”。
HALL_ZZT,包含,G583784,https://map.365daoyou.cn/web/subScenicshowSubScenicDetail?id=583784,官方明示,高,官方讲解称静怡为“乔致庸住的在中堂静怡院”。
COURT_6,又名,GARDEN_QJHY,https://map.365daoyou.cn/web/subScenicshowSubScenicDetail?id=583788,官方明示,高,第六院后改为“花园院”；官网单列“乔家花园”，二者关系可能为历史/名称关联，非严格同一空间。
COURT_1,讲解顺序,COURT_2,https://map.365daoyou.cn/web/subScenicshowSubScenicDetail?id=583800,官方讲解推导,高,讲解文本以第一院福德祠为起点，并用“看完/再来/来到”连续介绍第二至第六院。
COURT_2,讲解顺序,COURT_3,https://map.365daoyou.cn/web/subScenicshowSubScenicDetail?id=583800,官方讲解推导,高,讲解文本以第一院福德祠为起点，并用“看完/再来/来到”连续介绍第二至第六院。
COURT_3,讲解顺序,COURT_4,https://map.365daoyou.cn/web/subScenicshowSubScenicDetail?id=583800,官方讲解推导,高,讲解文本以第一院福德祠为起点，并用“看完/再来/来到”连续介绍第二至第六院。
COURT_4,讲解顺序,COURT_5,https://map.365daoyou.cn/web/subScenicshowSubScenicDetail?id=583800,官方讲解推导,高,讲解文本以第一院福德祠为起点，并用“看完/再来/来到”连续介绍第二至第六院。
COURT_5,讲解顺序,COURT_6,https://map.365daoyou.cn/web/subScenicshowSubScenicDetail?id=583800,官方讲解推导,高,讲解文本以第一院福德祠为起点，并用“看完/再来/来到”连续介绍第二至第六院。
S93299,邻近轨迹段,R01→R02,https://map.365daoyou.cn/web/index?t=e&sk=H8vw2CN5mK4%3D&dk=Nx8Z1MgPAU4%3D&c=26344592315,官方轨迹邻近推导,中高,到该轨迹段垂直/投影距离约25.7米；沿线里程约104.4米。
S93300,邻近轨迹段,R01→R02,https://map.365daoyou.cn/web/index?t=e&sk=H8vw2CN5mK4%3D&dk=Nx8Z1MgPAU4%3D&c=26344592315,官方轨迹邻近推导,中高,到该轨迹段垂直/投影距离约1.3米；沿线里程约102.8米。
S93301,邻近轨迹段,R01→R02,https://map.365daoyou.cn/web/index?t=e&sk=H8vw2CN5mK4%3D&dk=Nx8Z1MgPAU4%3D&c=26344592315,官方轨迹邻近推导,中高,到该轨迹段垂直/投影距离约6.2米；沿线里程约202.0米。
S93302,邻近轨迹段,R16→R17,https://map.365daoyou.cn/web/index?t=e&sk=H8vw2CN5mK4%3D&dk=Nx8Z1MgPAU4%3D&c=26344592315,官方轨迹邻近推导,中高,到该轨迹段垂直/投影距离约19.6米；沿线里程约714.1米。
S93303,邻近轨迹段,R11→R12,https://map.365daoyou.cn/web/index?t=e&sk=H8vw2CN5mK4%3D&dk=Nx8Z1MgPAU4%3D&c=26344592315,官方轨迹邻近推导,中高,到该轨迹段垂直/投影距离约23.8米；沿线里程约571.4米。
S93304,邻近轨迹段,R03→R04,https://map.365daoyou.cn/web/index?t=e&sk=H8vw2CN5mK4%3D&dk=Nx8Z1MgPAU4%3D&c=26344592315,官方轨迹邻近推导,中高,到该轨迹段垂直/投影距离约27.6米；沿线里程约413.1米。
S93305,邻近轨迹段,R03→R04,https://map.365daoyou.cn/web/index?t=e&sk=H8vw2CN5mK4%3D&dk=Nx8Z1MgPAU4%3D&c=26344592315,官方轨迹邻近推导,中高,到该轨迹段垂直/投影距离约26.1米；沿线里程约400.6米。
S93306,邻近轨迹段,R02→R03,https://map.365daoyou.cn/web/index?t=e&sk=H8vw2CN5mK4%3D&dk=Nx8Z1MgPAU4%3D&c=26344592315,官方轨迹邻近推导,中高,到该轨迹段垂直/投影距离约3.9米；沿线里程约340.6米。
S93307,邻近轨迹段,R02→R03,https://map.365daoyou.cn/web/index?t=e&sk=H8vw2CN5mK4%3D&dk=Nx8Z1MgPAU4%3D&c=26344592315,官方轨迹邻近推导,中高,到该轨迹段垂直/投影距离约2.6米；沿线里程约242.7米。
S93308,邻近轨迹段,R01→R02,https://map.365daoyou.cn/web/index?t=e&sk=H8vw2CN5mK4%3D&dk=Nx8Z1MgPAU4%3D&c=26344592315,官方轨迹邻近推导,中高,到该轨迹段垂直/投影距离约4.9米；沿线里程约103.4米。
G583801,邻近轨迹段,R01→R02,https://map.365daoyou.cn/web/index?t=e&sk=H8vw2CN5mK4%3D&dk=Nx8Z1MgPAU4%3D&c=26344592315,官方轨迹邻近推导,中高,到该轨迹段垂直/投影距离约10.3米；沿线里程约100.5米。
COURT_2,邻近轨迹段,R09→R10,https://map.365daoyou.cn/web/index?t=e&sk=H8vw2CN5mK4%3D&dk=Nx8Z1MgPAU4%3D&c=26344592315,官方轨迹邻近推导,中,到该轨迹段垂直/投影距离约49.4米；沿线里程约535.2米。
COURT_3,邻近轨迹段,R12→R13,https://map.365daoyou.cn/web/index?t=e&sk=H8vw2CN5mK4%3D&dk=Nx8Z1MgPAU4%3D&c=26344592315,官方轨迹邻近推导,中高,到该轨迹段垂直/投影距离约1.3米；沿线里程约608.6米。
COURT_4,邻近轨迹段,R10→R11,https://map.365daoyou.cn/web/index?t=e&sk=H8vw2CN5mK4%3D&dk=Nx8Z1MgPAU4%3D&c=26344592315,官方轨迹邻近推导,中高,到该轨迹段垂直/投影距离约2.9米；沿线里程约563.8米。
COURT_5,邻近轨迹段,R10→R11,https://map.365daoyou.cn/web/index?t=e&sk=H8vw2CN5mK4%3D&dk=Nx8Z1MgPAU4%3D&c=26344592315,官方轨迹邻近推导,中高,到该轨迹段垂直/投影距离约18.0米；沿线里程约543.7米。
COURT_6,邻近轨迹段,R10→R11,https://map.365daoyou.cn/web/index?t=e&sk=H8vw2CN5mK4%3D&dk=Nx8Z1MgPAU4%3D&c=26344592315,官方轨迹邻近推导,中高,到该轨迹段垂直/投影距离约2.8米；沿线里程约559.8米。
HALL_DXT,邻近轨迹段,R11→R12,https://map.365daoyou.cn/web/index?t=e&sk=H8vw2CN5mK4%3D&dk=Nx8Z1MgPAU4%3D&c=26344592315,官方轨迹邻近推导,中高,到该轨迹段垂直/投影距离约2.2米；沿线里程约587.4米。
G583780,邻近轨迹段,R04→R05,https://map.365daoyou.cn/web/index?t=e&sk=H8vw2CN5mK4%3D&dk=Nx8Z1MgPAU4%3D&c=26344592315,官方轨迹邻近推导,中高,到该轨迹段垂直/投影距离约8.5米；沿线里程约432.9米。
G583800,邻近轨迹段,R09→R10,https://map.365daoyou.cn/web/index?t=e&sk=H8vw2CN5mK4%3D&dk=Nx8Z1MgPAU4%3D&c=26344592315,官方轨迹邻近推导,中,到该轨迹段垂直/投影距离约36.4米；沿线里程约535.2米。
G583802,邻近轨迹段,R01→R02,https://map.365daoyou.cn/web/index?t=e&sk=H8vw2CN5mK4%3D&dk=Nx8Z1MgPAU4%3D&c=26344592315,官方轨迹邻近推导,中高,到该轨迹段垂直/投影距离约5.8米；沿线里程约3.9米。
G583798,邻近轨迹段,R10→R11,https://map.365daoyou.cn/web/index?t=e&sk=H8vw2CN5mK4%3D&dk=Nx8Z1MgPAU4%3D&c=26344592315,官方轨迹邻近推导,中,到该轨迹段垂直/投影距离约45.0米；沿线里程约543.4米。
G583797,邻近轨迹段,R10→R11,https://map.365daoyou.cn/web/index?t=e&sk=H8vw2CN5mK4%3D&dk=Nx8Z1MgPAU4%3D&c=26344592315,官方轨迹邻近推导,中,到该轨迹段垂直/投影距离约62.5米；沿线里程约555.9米。
G583795,邻近轨迹段,R10→R11,https://map.365daoyou.cn/web/index?t=e&sk=H8vw2CN5mK4%3D&dk=Nx8Z1MgPAU4%3D&c=26344592315,官方轨迹邻近推导,中,到该轨迹段垂直/投影距离约44.2米；沿线里程约564.2米。
G583784,邻近轨迹段,R07→R08,https://map.365daoyou.cn/web/index?t=e&sk=H8vw2CN5mK4%3D&dk=Nx8Z1MgPAU4%3D&c=26344592315,官方轨迹邻近推导,中高,到该轨迹段垂直/投影距离约2.7米；沿线里程约482.8米。
G583803,邻近轨迹段,R02→R03,https://map.365daoyou.cn/web/index?t=e&sk=H8vw2CN5mK4%3D&dk=Nx8Z1MgPAU4%3D&c=26344592315,官方轨迹邻近推导,中,到该轨迹段垂直/投影距离约47.6米；沿线里程约297.1米。
G583791,邻近轨迹段,R09→R10,https://map.365daoyou.cn/web/index?t=e&sk=H8vw2CN5mK4%3D&dk=Nx8Z1MgPAU4%3D&c=26344592315,官方轨迹邻近推导,中高,到该轨迹段垂直/投影距离约12.9米；沿线里程约532.7米。
G583786,邻近轨迹段,R09→R10,https://map.365daoyou.cn/web/index?t=e&sk=H8vw2CN5mK4%3D&dk=Nx8Z1MgPAU4%3D&c=26344592315,官方轨迹邻近推导,中高,到该轨迹段垂直/投影距离约7.9米；沿线里程约509.1米。
G583785,邻近轨迹段,R06→R07,https://map.365daoyou.cn/web/index?t=e&sk=H8vw2CN5mK4%3D&dk=Nx8Z1MgPAU4%3D&c=26344592315,官方轨迹邻近推导,中高,到该轨迹段垂直/投影距离约11.7米；沿线里程约475.0米。
G583783,邻近轨迹段,R06→R07,https://map.365daoyou.cn/web/index?t=e&sk=H8vw2CN5mK4%3D&dk=Nx8Z1MgPAU4%3D&c=26344592315,官方轨迹邻近推导,中高,到该轨迹段垂直/投影距离约10.7米；沿线里程约461.2米。
G583782,邻近轨迹段,R05→R06,https://map.365daoyou.cn/web/index?t=e&sk=H8vw2CN5mK4%3D&dk=Nx8Z1MgPAU4%3D&c=26344592315,官方轨迹邻近推导,中高,到该轨迹段垂直/投影距离约11.9米；沿线里程约455.9米。
G583781,邻近轨迹段,R05→R06,https://map.365daoyou.cn/web/index?t=e&sk=H8vw2CN5mK4%3D&dk=Nx8Z1MgPAU4%3D&c=26344592315,官方轨迹邻近推导,中高,到该轨迹段垂直/投影距离约2.2米；沿线里程约457.2米。
G583792,邻近轨迹段,R10→R11,https://map.365daoyou.cn/web/index?t=e&sk=H8vw2CN5mK4%3D&dk=Nx8Z1MgPAU4%3D&c=26344592315,官方轨迹邻近推导,中高,到该轨迹段垂直/投影距离约19.0米；沿线里程约564.2米。
G583793,邻近轨迹段,R10→R11,https://map.365daoyou.cn/web/index?t=e&sk=H8vw2CN5mK4%3D&dk=Nx8Z1MgPAU4%3D&c=26344592315,官方轨迹邻近推导,中高,到该轨迹段垂直/投影距离约20.9米；沿线里程约564.2米。
HALL_ZZT,邻近轨迹段,R10→R11,https://map.365daoyou.cn/web/index?t=e&sk=H8vw2CN5mK4%3D&dk=Nx8Z1MgPAU4%3D&c=26344592315,官方轨迹邻近推导,中高,到该轨迹段垂直/投影距离约11.8米；沿线里程约536.4米。
R01,路线下一段,R02,https://map.365daoyou.cn/web/index?t=e&sk=H8vw2CN5mK4%3D&dk=Nx8Z1MgPAU4%3D&c=26344592315,官方轨迹,高,“全景游”轨迹第1→2段。
R02,路线下一段,R03,https://map.365daoyou.cn/web/index?t=e&sk=H8vw2CN5mK4%3D&dk=Nx8Z1MgPAU4%3D&c=26344592315,官方轨迹,高,“全景游”轨迹第2→3段。
R03,路线下一段,R04,https://map.365daoyou.cn/web/index?t=e&sk=H8vw2CN5mK4%3D&dk=Nx8Z1MgPAU4%3D&c=26344592315,官方轨迹,高,“全景游”轨迹第3→4段。
R04,路线下一段,R05,https://map.365daoyou.cn/web/index?t=e&sk=H8vw2CN5mK4%3D&dk=Nx8Z1MgPAU4%3D&c=26344592315,官方轨迹,高,“全景游”轨迹第4→5段。
R05,路线下一段,R06,https://map.365daoyou.cn/web/index?t=e&sk=H8vw2CN5mK4%3D&dk=Nx8Z1MgPAU4%3D&c=26344592315,官方轨迹,高,“全景游”轨迹第5→6段。
R06,路线下一段,R07,https://map.365daoyou.cn/web/index?t=e&sk=H8vw2CN5mK4%3D&dk=Nx8Z1MgPAU4%3D&c=26344592315,官方轨迹,高,“全景游”轨迹第6→7段。
R07,路线下一段,R08,https://map.365daoyou.cn/web/index?t=e&sk=H8vw2CN5mK4%3D&dk=Nx8Z1MgPAU4%3D&c=26344592315,官方轨迹,高,“全景游”轨迹第7→8段。
R08,路线下一段,R09,https://map.365daoyou.cn/web/index?t=e&sk=H8vw2CN5mK4%3D&dk=Nx8Z1MgPAU4%3D&c=26344592315,官方轨迹,高,“全景游”轨迹第8→9段。
R09,路线下一段,R10,https://map.365daoyou.cn/web/index?t=e&sk=H8vw2CN5mK4%3D&dk=Nx8Z1MgPAU4%3D&c=26344592315,官方轨迹,高,“全景游”轨迹第9→10段。
R10,路线下一段,R11,https://map.365daoyou.cn/web/index?t=e&sk=H8vw2CN5mK4%3D&dk=Nx8Z1MgPAU4%3D&c=26344592315,官方轨迹,高,“全景游”轨迹第10→11段。
R11,路线下一段,R12,https://map.365daoyou.cn/web/index?t=e&sk=H8vw2CN5mK4%3D&dk=Nx8Z1MgPAU4%3D&c=26344592315,官方轨迹,高,“全景游”轨迹第11→12段。
R12,路线下一段,R13,https://map.365daoyou.cn/web/index?t=e&sk=H8vw2CN5mK4%3D&dk=Nx8Z1MgPAU4%3D&c=26344592315,官方轨迹,高,“全景游”轨迹第12→13段。
R13,路线下一段,R14,https://map.365daoyou.cn/web/index?t=e&sk=H8vw2CN5mK4%3D&dk=Nx8Z1MgPAU4%3D&c=26344592315,官方轨迹,高,“全景游”轨迹第13→14段。
R14,路线下一段,R15,https://map.365daoyou.cn/web/index?t=e&sk=H8vw2CN5mK4%3D&dk=Nx8Z1MgPAU4%3D&c=26344592315,官方轨迹,高,“全景游”轨迹第14→15段。
R15,路线下一段,R16,https://map.365daoyou.cn/web/index?t=e&sk=H8vw2CN5mK4%3D&dk=Nx8Z1MgPAU4%3D&c=26344592315,官方轨迹,高,“全景游”轨迹第15→16段。
R16,路线下一段,R17,https://map.365daoyou.cn/web/index?t=e&sk=H8vw2CN5mK4%3D&dk=Nx8Z1MgPAU4%3D&c=26344592315,官方轨迹,高,“全景游”轨迹第16→17段。
R17,路线下一段,R18,https://map.365daoyou.cn/web/index?t=e&sk=H8vw2CN5mK4%3D&dk=Nx8Z1MgPAU4%3D&c=26344592315,官方轨迹,高,“全景游”轨迹第17→18段。
R18,路线下一段,R19,https://map.365daoyou.cn/web/index?t=e&sk=H8vw2CN5mK4%3D&dk=Nx8Z1MgPAU4%3D&c=26344592315,官方轨迹,高,“全景游”轨迹第18→19段。
R19,路线下一段,R20,https://map.365daoyou.cn/web/index?t=e&sk=H8vw2CN5mK4%3D&dk=Nx8Z1MgPAU4%3D&c=26344592315,官方轨迹,高,“全景游”轨迹第19→20段。
R20,路线下一段,R21,https://map.365daoyou.cn/web/index?t=e&sk=H8vw2CN5mK4%3D&dk=Nx8Z1MgPAU4%3D&c=26344592315,官方轨迹,高,“全景游”轨迹第20→21段。
R21,路线下一段,R22,https://map.365daoyou.cn/web/index?t=e&sk=H8vw2CN5mK4%3D&dk=Nx8Z1MgPAU4%3D&c=26344592315,官方轨迹,高,“全景游”轨迹第21→22段。
R22,路线下一段,R23,https://map.365daoyou.cn/web/index?t=e&sk=H8vw2CN5mK4%3D&dk=Nx8Z1MgPAU4%3D&c=26344592315,官方轨迹,高,“全景游”轨迹第22→23段。
R23,路线下一段,R24,https://map.365daoyou.cn/web/index?t=e&sk=H8vw2CN5mK4%3D&dk=Nx8Z1MgPAU4%3D&c=26344592315,官方轨迹,高,“全景游”轨迹第23→24段。
R24,路线下一段,R25,https://map.365daoyou.cn/web/index?t=e&sk=H8vw2CN5mK4%3D&dk=Nx8Z1MgPAU4%3D&c=26344592315,官方轨迹,高,“全景游”轨迹第24→25段。
