route_id,seq,longitude,latitude,mark,source_url
R01,1,112.441826,37.406963,1,https://map.365daoyou.cn/web/index?t=e&sk=H8vw2CN5mK4%3D&dk=Nx8Z1MgPAU4%3D&c=26344592315
R02,2,112.43918,37.406826,1,https://map.365daoyou.cn/web/index?t=e&sk=H8vw2CN5mK4%3D&dk=Nx8Z1MgPAU4%3D&c=26344592315
R03,3,112.43743,37.406963,1,https://map.365daoyou.cn/web/index?t=e&sk=H8vw2CN5mK4%3D&dk=Nx8Z1MgPAU4%3D&c=26344592315
R04,4,112.43711,37.407074,1,https://map.365daoyou.cn/web/index?t=e&sk=H8vw2CN5mK4%3D&dk=Nx8Z1MgPAU4%3D&c=26344592315
R05,5,112.43687,37.407185,1,https://map.365daoyou.cn/web/index?t=e&sk=H8vw2CN5mK4%3D&dk=Nx8Z1MgPAU4%3D&c=26344592315
R06,6,112.43672,37.407154,1,https://map.365daoyou.cn/web/index?t=e&sk=H8vw2CN5mK4%3D&dk=Nx8Z1MgPAU4%3D&c=26344592315
R07,7,112.4365,37.40716,1,https://map.365daoyou.cn/web/index?t=e&sk=H8vw2CN5mK4%3D&dk=Nx8Z1MgPAU4%3D&c=26344592315
R08,8,112.4363,37.407146,1,https://map.365daoyou.cn/web/index?t=e&sk=H8vw2CN5mK4%3D&dk=Nx8Z1MgPAU4%3D&c=26344592315
R09,9,112.436325,37.40704,1,https://map.365daoyou.cn/web/index?t=e&sk=H8vw2CN5mK4%3D&dk=Nx8Z1MgPAU4%3D&c=26344592315
R10,10,112.4364,37.406803,1,https://map.365daoyou.cn/web/index?t=e&sk=H8vw2CN5mK4%3D&dk=Nx8Z1MgPAU4%3D&c=26344592315
R11,11,112.43623,37.406578,2,https://map.365daoyou.cn/web/index?t=e&sk=H8vw2CN5mK4%3D&dk=Nx8Z1MgPAU4%3D&c=26344592315
R12,12,112.43598,37.406643,1,https://map.365daoyou.cn/web/index?t=e&sk=H8vw2CN5mK4%3D&dk=Nx8Z1MgPAU4%3D&c=26344592315
R13,13,112.43572,37.4067,1,https://map.365daoyou.cn/web/index?t=e&sk=H8vw2CN5mK4%3D&dk=Nx8Z1MgPAU4%3D&c=26344592315
R14,14,112.435745,37.40694,1,https://map.365daoyou.cn/web/index?t=e&sk=H8vw2CN5mK4%3D&dk=Nx8Z1MgPAU4%3D&c=26344592315
R15,15,112.43568,37.407104,1,https://map.365daoyou.cn/web/index?t=e&sk=H8vw2CN5mK4%3D&dk=Nx8Z1MgPAU4%3D&c=26344592315
R16,16,112.43553,37.407364,1,https://map.365daoyou.cn/web/index?t=e&sk=H8vw2CN5mK4%3D&dk=Nx8Z1MgPAU4%3D&c=26344592315
R17,17,112.43581,37.40742,1,https://map.365daoyou.cn/web/index?t=e&sk=H8vw2CN5mK4%3D&dk=Nx8Z1MgPAU4%3D&c=26344592315
R18,18,112.43588,37.407524,1,https://map.365daoyou.cn/web/index?t=e&sk=H8vw2CN5mK4%3D&dk=Nx8Z1MgPAU4%3D&c=26344592315
R19,19,112.43605,37.407562,1,https://map.365daoyou.cn/web/index?t=e&sk=H8vw2CN5mK4%3D&dk=Nx8Z1MgPAU4%3D&c=26344592315
R20,20,112.43637,37.40731,1,https://map.365daoyou.cn/web/index?t=e&sk=H8vw2CN5mK4%3D&dk=Nx8Z1MgPAU4%3D&c=26344592315
R21,21,112.43638,37.40731,2,https://map.365daoyou.cn/web/index?t=e&sk=H8vw2CN5mK4%3D&dk=Nx8Z1MgPAU4%3D&c=26344592315
R22,22,112.43695,37.407314,1,https://map.365daoyou.cn/web/index?t=e&sk=H8vw2CN5mK4%3D&dk=Nx8Z1MgPAU4%3D&c=26344592315
R23,23,112.436935,37.40755,1,https://map.365daoyou.cn/web/index?t=e&sk=H8vw2CN5mK4%3D&dk=Nx8Z1MgPAU4%3D&c=26344592315
R24,24,112.43692,37.40771,1,https://map.365daoyou.cn/web/index?t=e&sk=H8vw2CN5mK4%3D&dk=Nx8Z1MgPAU4%3D&c=26344592315
R25,25,112.43724,37.407925,1,https://map.365daoyou.cn/web/index?t=e&sk=H8vw2CN5mK4%3D&dk=Nx8Z1MgPAU4%3D&c=26344592315
