"edge_id","from_id","to_id","travel_min","bidirectional","source_url","assumption_note"
"E01","G583802","G583801","1","1","https://map.365daoyou.cn/web/index?t=e&sk=H8vw2CN5mK4%3D&dk=Nx8Z1MgPAU4%3D&c=26344592315","按官方“全景游”轨迹相邻关系连接;沿线距离约97米,步行速度取1.1米/秒,为演示假设"
"E02","G583801","S93300","1","1","https://map.365daoyou.cn/web/index?t=e&sk=H8vw2CN5mK4%3D&dk=Nx8Z1MgPAU4%3D&c=26344592315","按官方“全景游”轨迹相邻关系连接;沿线距离约2米,步行速度取1.1米/秒,为演示假设"
"E03","S93300","S93308","1","1","https://map.365daoyou.cn/web/index?t=e&sk=H8vw2CN5mK4%3D&dk=Nx8Z1MgPAU4%3D&c=26344592315","按官方“全景游”轨迹相邻关系连接;沿线距离约1米,步行速度取1.1米/秒,为演示假设"
"E04","S93308","S93299","1","1","https://map.365daoyou.cn/web/index?t=e&sk=H8vw2CN5mK4%3D&dk=Nx8Z1MgPAU4%3D&c=26344592315","按官方“全景游”轨迹相邻关系连接;沿线距离约1米,步行速度取1.1米/秒,为演示假设"
"E05","S93299","S93301","1","1","https://map.365daoyou.cn/web/index?t=e&sk=H8vw2CN5mK4%3D&dk=Nx8Z1MgPAU4%3D&c=26344592315","按官方“全景游”轨迹相邻关系连接;沿线距离约98米,步行速度取1.1米/秒,为演示假设"
"E06","S93301","S93307","1","1","https://map.365daoyou.cn/web/index?t=e&sk=H8vw2CN5mK4%3D&dk=Nx8Z1MgPAU4%3D&c=26344592315","按官方“全景游”轨迹相邻关系连接;沿线距离约41米,步行速度取1.1米/秒,为演示假设"
"E07","S93307","G583803","1","1","https://map.365daoyou.cn/web/index?t=e&sk=H8vw2CN5mK4%3D&dk=Nx8Z1MgPAU4%3D&c=26344592315","按官方“全景游”轨迹相邻关系连接;沿线距离约54米,步行速度取1.1米/秒,为演示假设"
"E08","G583803","S93306","1","1","https://map.365daoyou.cn/web/index?t=e&sk=H8vw2CN5mK4%3D&dk=Nx8Z1MgPAU4%3D&c=26344592315","按官方“全景游”轨迹相邻关系连接;沿线距离约43米,步行速度取1.1米/秒,为演示假设"
"E09","S93306","S93305","1","1","https://map.365daoyou.cn/web/index?t=e&sk=H8vw2CN5mK4%3D&dk=Nx8Z1MgPAU4%3D&c=26344592315","按官方“全景游”轨迹相邻关系连接;沿线距离约60米,步行速度取1.1米/秒,为演示假设"
"E10","S93305","S93304","1","1","https://map.365daoyou.cn/web/index?t=e&sk=H8vw2CN5mK4%3D&dk=Nx8Z1MgPAU4%3D&c=26344592315","按官方“全景游”轨迹相邻关系连接;沿线距离约12米,步行速度取1.1米/秒,为演示假设"
"E11","S93304","G583780","1","1","https://map.365daoyou.cn/web/index?t=e&sk=H8vw2CN5mK4%3D&dk=Nx8Z1MgPAU4%3D&c=26344592315","按官方“全景游”轨迹相邻关系连接;沿线距离约20米,步行速度取1.1米/秒,为演示假设"
"E12","G583780","G583782","1","1","https://map.365daoyou.cn/web/index?t=e&sk=H8vw2CN5mK4%3D&dk=Nx8Z1MgPAU4%3D&c=26344592315","按官方“全景游”轨迹相邻关系连接;沿线距离约23米,步行速度取1.1米/秒,为演示假设"
"E13","G583782","G583781","1","1","https://map.365daoyou.cn/web/index?t=e&sk=H8vw2CN5mK4%3D&dk=Nx8Z1MgPAU4%3D&c=26344592315","按官方“全景游”轨迹相邻关系连接;沿线距离约1米,步行速度取1.1米/秒,为演示假设"
"E14","G583781","G583783","1","1","https://map.365daoyou.cn/web/index?t=e&sk=H8vw2CN5mK4%3D&dk=Nx8Z1MgPAU4%3D&c=26344592315","按官方“全景游”轨迹相邻关系连接;沿线距离约4米,步行速度取1.1米/秒,为演示假设"
"E15","G583783","G583785","1","1","https://map.365daoyou.cn/web/index?t=e&sk=H8vw2CN5mK4%3D&dk=Nx8Z1MgPAU4%3D&c=26344592315","按官方“全景游”轨迹相邻关系连接;沿线距离约14米,步行速度取1.1米/秒,为演示假设"
"E16","G583785","G583784","1","1","https://map.365daoyou.cn/web/index?t=e&sk=H8vw2CN5mK4%3D&dk=Nx8Z1MgPAU4%3D&c=26344592315","按官方“全景游”轨迹相邻关系连接;沿线距离约8米,步行速度取1.1米/秒,为演示假设"
"E17","G583784","G583786","1","1","https://map.365daoyou.cn/web/index?t=e&sk=H8vw2CN5mK4%3D&dk=Nx8Z1MgPAU4%3D&c=26344592315","按官方“全景游”轨迹相邻关系连接;沿线距离约26米,步行速度取1.1米/秒,为演示假设"
"E18","G583786","G583791","1","1","https://map.365daoyou.cn/web/index?t=e&sk=H8vw2CN5mK4%3D&dk=Nx8Z1MgPAU4%3D&c=26344592315","按官方“全景游”轨迹相邻关系连接;沿线距离约24米,步行速度取1.1米/秒,为演示假设"
"E19","G583791","COURT_2","1","1","https://map.365daoyou.cn/web/index?t=e&sk=H8vw2CN5mK4%3D&dk=Nx8Z1MgPAU4%3D&c=26344592315","按官方“全景游”轨迹相邻关系连接;沿线距离约2米,步行速度取1.1米/秒,为演示假设"
"E20","COURT_2","G583800","1","1","https://map.365daoyou.cn/web/index?t=e&sk=H8vw2CN5mK4%3D&dk=Nx8Z1MgPAU4%3D&c=26344592315","按官方“全景游”轨迹相邻关系连接;沿线距离约0米,步行速度取1.1米/秒,为演示假设"
"E21","G583800","HALL_ZZT","1","1","https://map.365daoyou.cn/web/index?t=e&sk=H8vw2CN5mK4%3D&dk=Nx8Z1MgPAU4%3D&c=26344592315","按官方“全景游”轨迹相邻关系连接;沿线距离约1米,步行速度取1.1米/秒,为演示假设"
"E22","HALL_ZZT","G583798","1","1","https://map.365daoyou.cn/web/index?t=e&sk=H8vw2CN5mK4%3D&dk=Nx8Z1MgPAU4%3D&c=26344592315","按官方“全景游”轨迹相邻关系连接;沿线距离约7米,步行速度取1.1米/秒,为演示假设"
"E23","G583798","COURT_5","1","1","https://map.365daoyou.cn/web/index?t=e&sk=H8vw2CN5mK4%3D&dk=Nx8Z1MgPAU4%3D&c=26344592315","按官方“全景游”轨迹相邻关系连接;沿线距离约0米,步行速度取1.1米/秒,为演示假设"
"E24","COURT_5","G583797","1","1","https://map.365daoyou.cn/web/index?t=e&sk=H8vw2CN5mK4%3D&dk=Nx8Z1MgPAU4%3D&c=26344592315","按官方“全景游”轨迹相邻关系连接;沿线距离约12米,步行速度取1.1米/秒,为演示假设"
"E25","G583797","COURT_6","1","1","https://map.365daoyou.cn/web/index?t=e&sk=H8vw2CN5mK4%3D&dk=Nx8Z1MgPAU4%3D&c=26344592315","按官方“全景游”轨迹相邻关系连接;沿线距离约4米,步行速度取1.1米/秒,为演示假设"
"E26","COURT_6","COURT_4","1","1","https://map.365daoyou.cn/web/index?t=e&sk=H8vw2CN5mK4%3D&dk=Nx8Z1MgPAU4%3D&c=26344592315","按官方“全景游”轨迹相邻关系连接;沿线距离约4米,步行速度取1.1米/秒,为演示假设"
"E27","COURT_4","G583792","1","1","https://map.365daoyou.cn/web/index?t=e&sk=H8vw2CN5mK4%3D&dk=Nx8Z1MgPAU4%3D&c=26344592315","按官方“全景游”轨迹相邻关系连接;沿线距离约0米,步行速度取1.1米/秒,为演示假设"
"E28","G583792","G583793","1","1","https://map.365daoyou.cn/web/index?t=e&sk=H8vw2CN5mK4%3D&dk=Nx8Z1MgPAU4%3D&c=26344592315","按官方“全景游”轨迹相邻关系连接;沿线距离约0米,步行速度取1.1米/秒,为演示假设"
"E29","G583793","G583795","1","1","https://map.365daoyou.cn/web/index?t=e&sk=H8vw2CN5mK4%3D&dk=Nx8Z1MgPAU4%3D&c=26344592315","按官方“全景游”轨迹相邻关系连接;沿线距离约0米,步行速度取1.1米/秒,为演示假设"
"E30","G583795","S93303","1","1","https://map.365daoyou.cn/web/index?t=e&sk=H8vw2CN5mK4%3D&dk=Nx8Z1MgPAU4%3D&c=26344592315","按官方“全景游”轨迹相邻关系连接;沿线距离约7米,步行速度取1.1米/秒,为演示假设"
"E31","S93303","HALL_DXT","1","1","https://map.365daoyou.cn/web/index?t=e&sk=H8vw2CN5mK4%3D&dk=Nx8Z1MgPAU4%3D&c=26344592315","按官方“全景游”轨迹相邻关系连接;沿线距离约16米,步行速度取1.1米/秒,为演示假设"
"E32","HALL_DXT","COURT_3","1","1","https://map.365daoyou.cn/web/index?t=e&sk=H8vw2CN5mK4%3D&dk=Nx8Z1MgPAU4%3D&c=26344592315","按官方“全景游”轨迹相邻关系连接;沿线距离约21米,步行速度取1.1米/秒,为演示假设"
"E33","COURT_3","S93302","2","1","https://map.365daoyou.cn/web/index?t=e&sk=H8vw2CN5mK4%3D&dk=Nx8Z1MgPAU4%3D&c=26344592315","按官方“全景游”轨迹相邻关系连接;沿线距离约105米,步行速度取1.1米/秒,为演示假设"
