"node_id","name","x","y","kind","capacity","service_per_min","dwell_min","sheltered","source_url","assumption_note"
"G583802","景区牌楼","96.0","58.8","attraction","20","6","4","0","https://map.365daoyou.cn/web/subScenicshowSubScenicDetail?id=583802","露天大门/牌楼;容量与停留为演示假设,非实测"
"G583801","大门","79.4","49.8","entry","10000","10000","0","1","https://map.365daoyou.cn/web/subScenicshowSubScenicDetail?id=583801","大门作为入园通过性节点;容量与接纳速率为演示占位,非实测"
"S93300","厕所(93300)","78.9","57.2","service","6","3","6","1","https://map.365daoyou.cn/web/index?t=e&sk=H8vw2CN5mK4%3D&dk=Nx8Z1MgPAU4%3D&c=26344592315","厕所服务点;容量/停留/遮蔽为演示假设,非实测"
"S93308","游客中心","78.8","62.4","service","12","4","15","1","https://map.365daoyou.cn/web/index?t=e&sk=H8vw2CN5mK4%3D&dk=Nx8Z1MgPAU4%3D&c=26344592315","游客中心;容量/停留/遮蔽为演示假设,非实测"
"S93299","厕所(93299)","78.4","79.7","service","6","3","6","1","https://map.365daoyou.cn/web/index?t=e&sk=H8vw2CN5mK4%3D&dk=Nx8Z1MgPAU4%3D&c=26344592315","厕所服务点;容量/停留/遮蔽为演示假设,非实测"
"S93301","厕所(93301)","61.9","47.8","service","6","3","6","1","https://map.365daoyou.cn/web/index?t=e&sk=H8vw2CN5mK4%3D&dk=Nx8Z1MgPAU4%3D&c=26344592315","厕所服务点;容量/停留/遮蔽为演示假设,非实测"
"S93307","停车场","54.9","54.1","service","8","4","4","0","https://map.365daoyou.cn/web/index?t=e&sk=H8vw2CN5mK4%3D&dk=Nx8Z1MgPAU4%3D&c=26344592315","停车场;容量/停留/遮蔽为演示假设,非实测"
"G583803","乔家大院","46.3","96.0","attraction","20","5","10","0","https://map.365daoyou.cn/web/subScenicshowSubScenicDetail?id=583803","景区标识点;容量与停留为演示假设,非实测"
"S93306","出入口(93306)","38.1","63.1","exit","10000","10000","0","1","https://map.365daoyou.cn/web/index?t=e&sk=H8vw2CN5mK4%3D&dk=Nx8Z1MgPAU4%3D&c=26344592315","出入口为通过性节点;容量与接纳速率为演示占位,非实测"
"S93305","出入口(93305)","26.1","47.4","exit","10000","10000","0","1","https://map.365daoyou.cn/web/index?t=e&sk=H8vw2CN5mK4%3D&dk=Nx8Z1MgPAU4%3D&c=26344592315","出入口为通过性节点;容量与接纳速率为演示占位,非实测"
"S93304","出入口(93304)","27.8","92.8","exit","10000","10000","0","1","https://map.365daoyou.cn/web/index?t=e&sk=H8vw2CN5mK4%3D&dk=Nx8Z1MgPAU4%3D&c=26344592315","出入口为通过性节点;容量与接纳速率为演示占位,非实测"
"G583780","大厨房","22.1","73.0","attraction","8","2","12","1","https://map.365daoyou.cn/web/subScenicshowSubScenicDetail?id=583780","展室/居室;容量/停留/遮蔽为演示假设,非实测"
"G583782","乔景俨居室","19.8","72.6","attraction","8","2","12","1","https://map.365daoyou.cn/web/subScenicshowSubScenicDetail?id=583782","展室/居室;容量/停留/遮蔽为演示假设,非实测"
"G583781","乔致庸居室","19.0","83.7","attraction","8","2","12","1","https://map.365daoyou.cn/web/subScenicshowSubScenicDetail?id=583781","展室/居室;容量/停留/遮蔽为演示假设,非实测"
"G583783","乔景僖居室","18.3","72.7","attraction","8","2","12","1","https://map.365daoyou.cn/web/subScenicshowSubScenicDetail?id=583783","展室/居室;容量/停留/遮蔽为演示假设,非实测"
"G583785","乔映霞居室","15.9","72.2","attraction","8","2","12","1","https://map.365daoyou.cn/web/subScenicshowSubScenicDetail?id=583785","展室/居室;容量/停留/遮蔽为演示假设,非实测"
"G583784","静怡","14.6","84.1","attraction","8","2","12","1","https://map.365daoyou.cn/web/subScenicshowSubScenicDetail?id=583784","展室/居室;容量/停留/遮蔽为演示假设,非实测"
"G583786","乔映璜居室","14.1","71.8","attraction","8","2","12","1","https://map.365daoyou.cn/web/subScenicshowSubScenicDetail?id=583786","展室/居室;容量/停留/遮蔽为演示假设,非实测"
"G583791","乔映南居室","15.9","53.7","attraction","8","2","12","1","https://map.365daoyou.cn/web/subScenicshowSubScenicDetail?id=583791","展室/居室;容量/停留/遮蔽为演示假设,非实测"
"COURT_2","第二院","21.7","32.4","attraction","12","3","16","1","https://map.365daoyou.cn/web/subScenicshowSubScenicDetail?id=583799","院落;容量/停留/遮蔽为演示假设,非实测"
"G583800","福德祠","20.1","46.3","attraction","8","2","12","1","https://map.365daoyou.cn/web/subScenicshowSubScenicDetail?id=583800","展室/居室;容量/停留/遮蔽为演示假设,非实测"
"HALL_ZZT","在中堂","15.5","43.1","attraction","16","4","20","1","https://www.qjdyjq.com/jianzhufengcai/jianzhuyishu/20220316190250655.html","堂院;容量/停留/遮蔽为演示假设,非实测"
"G583798","家谱馆","19.8","23.7","attraction","8","2","12","1","https://map.365daoyou.cn/web/subScenicshowSubScenicDetail?id=583798","展室/居室;容量/停留/遮蔽为演示假设,非实测"
"COURT_5","第五院","15.8","35.2","attraction","12","3","16","1","https://map.365daoyou.cn/web/subScenicshowSubScenicDetail?id=583790","院落;容量/停留/遮蔽为演示假设,非实测"
"G583797","教子有方展厅","21.2","7.1","attraction","8","2","12","1","https://map.365daoyou.cn/web/subScenicshowSubScenicDetail?id=583797","展室/居室;容量/停留/遮蔽为演示假设,非实测"
"COURT_6","第六院","11.3","32.6","attraction","12","3","16","1","https://map.365daoyou.cn/web/subScenicshowSubScenicDetail?id=583788","院落;容量/停留/遮蔽为演示假设,非实测"
"COURT_4","第四院","11.7","27.3","attraction","12","3","16","1","https://map.365daoyou.cn/web/subScenicshowSubScenicDetail?id=583794","院落;容量/停留/遮蔽为演示假设,非实测"
"G583792","议事厅","12.0","12.7","attraction","8","2","12","1","https://map.365daoyou.cn/web/subScenicshowSubScenicDetail?id=583792","展室/居室;容量/停留/遮蔽为演示假设,非实测"
"G583793","知足阁","13.6","15.0","attraction","8","2","12","1","https://map.365daoyou.cn/web/subScenicshowSubScenicDetail?id=583793","展室/居室;容量/停留/遮蔽为演示假设,非实测"
"G583795","九龙壁展馆","17.0","4.0","attraction","8","2","12","1","https://map.365daoyou.cn/web/subScenicshowSubScenicDetail?id=583795","展室/居室;容量/停留/遮蔽为演示假设,非实测"
"S93303","厕所(93303)","8.8","11.1","service","6","3","6","1","https://map.365daoyou.cn/web/index?t=e&sk=H8vw2CN5mK4%3D&dk=Nx8Z1MgPAU4%3D&c=26344592315","厕所服务点;容量/停留/遮蔽为演示假设,非实测"
"HALL_DXT","德兴堂","7.6","36.0","attraction","16","4","20","1","https://www.qjdyjq.com/jianzhufengcai/jianzhuyishu/20220324153043166.html","堂院;容量/停留/遮蔽为演示假设,非实测"
"COURT_3","第三院","4.0","40.0","attraction","12","3","16","1","https://map.365daoyou.cn/web/subScenicshowSubScenicDetail?id=583796","院落;容量/停留/遮蔽为演示假设,非实测"
"S93302","厕所(93302)","7.4","95.1","service","6","3","6","1","https://map.365daoyou.cn/web/index?t=e&sk=H8vw2CN5mK4%3D&dk=Nx8Z1MgPAU4%3D&c=26344592315","厕所服务点;容量/停留/遮蔽为演示假设,非实测"
